F, epochs, epsilon, B, weightcost, momentum, trRSME, vlRSME
30, 1, 1e-05, 20, 0.0004, 0, 1.18473076336, 1.24451318288
30, 2, 1e-05, 20, 0.0004, 0, 1.18756163887, 1.23847991328
